date,nav
2022-01-04,0.9999
2022-01-05,0.9966529506576365
2022-01-06,1.0038587078267907
2022-01-07,0.9994877644362
2022-01-10,1.0094112741548633
2022-01-11,1.0094631042911835
2022-01-12,1.0167229813955996
2022-01-13,1.0078672047299464
2022-01-14,0.9955396733083975
2022-01-17,1.0088447471583704
2022-01-18,1.001577373446229
2022-01-19,1.0003984685177738
2022-01-20,0.9864152084762775
2022-01-21,0.9808064941551513
2022-01-24,0.9742686604785383
2022-01-25,0.9333366885186469
2022-01-26,0.9414774158216132
2022-01-27,0.9162057765991811
2022-01-28,0.9225284108898882
2022-02-07,0.935321797368574
2022-02-08,0.9555985675100271
2022-02-09,0.9651217445003647
2022-02-10,0.9669197307220626
2022-02-11,0.9563392898092045
2022-02-14,0.9476335439480179
2022-02-15,0.9457669392968328
2022-02-16,0.954859658568625
2022-02-17,0.9483677321154478
2022-02-18,0.9647756122782939
2022-02-21,0.9784067089114917
2022-02-22,0.9700340364458288
2022-02-23,0.9711913210609447
2022-02-24,0.9462006458597859
2022-02-25,0.9526951295542254
2022-02-28,0.9466049716665645
2022-03-01,0.9526825002605203
2022-03-02,0.9535872618132569
2022-03-03,0.9561746851273948
2022-03-04,0.9444899516145239
2022-03-07,0.9268537078963517
2022-03-08,0.897772203920092
2022-03-09,0.8776072878833352
2022-03-10,0.8918332374023692
2022-03-11,0.9010687680969263
2022-03-14,0.8781417641393515
2022-03-15,0.8227268316364044
2022-03-16,0.849175027615557
2022-03-17,0.8683013021920973
2022-03-18,0.8852626995631047
2022-03-21,0.8897454382573691
2022-03-22,0.9020954197333249
2022-03-23,0.9063631414931531
2022-03-24,0.8985296833861065
2022-03-25,0.8983250473293151
2022-03-28,0.9032282120209973
2022-03-29,0.8964883501096855
2022-03-30,0.9203536956760818
2022-03-31,0.9268189766406836
2022-04-01,0.9399219800217526
2022-04-06,0.9607087479792894
2022-04-07,0.9291456294716317
2022-04-08,0.931190965435167
2022-04-11,0.8999642028152156
2022-04-12,0.9122533563396904
2022-04-13,0.8981134329786945
2022-04-14,0.90856996262979
2022-04-15,0.9004322885369426
2022-04-18,0.8953823685274072
2022-04-19,0.8992219429410633
2022-04-20,0.8857178369353775
2022-04-21,0.8556038923787973
2022-04-22,0.8471273460781968
2022-04-25,0.7824273569515169
2022-04-26,0.7606779927684936
2022-04-27,0.7800208784549565
2022-04-28,0.7733319811298409
2022-04-29,0.802652733938686
2022-05-05,0.8118315855252242
2022-05-06,0.793848404499905
2022-05-09,0.8068777109173861
2022-05-10,0.8149273784681772
2022-05-11,0.8177161291257363
2022-05-12,0.8237086826419228
2022-05-13,0.8525325459517656
2022-05-16,0.8568311463939933
2022-05-17,0.8483510851319144
2022-05-18,0.854667701024292
2022-05-19,0.8641492873901043
2022-05-20,0.8658356029628214
2022-05-23,0.8694641168517931
2022-05-24,0.8402162342485334
2022-05-25,0.857763935273383
2022-05-26,0.8699097893792391
2022-05-27,0.8741043680698017
2022-05-30,0.8813289863602917
2022-05-31,0.8987025226294127
2022-06-01,0.9031604781642927
2022-06-02,0.9069666259019106
2022-06-06,0.9083627650524141
2022-06-07,0.9131949811205531
2022-06-08,0.9091837862760102
2022-06-09,0.8936644944938392
2022-06-10,0.901407552740666
2022-06-13,0.8946414477555009
2022-06-14,0.9008259230541981
2022-06-15,0.9141184392764321
2022-06-16,0.918225408417801
2022-06-17,0.9179371188417577
2022-06-20,0.9346092194053993
2022-06-21,0.937115863672729
2022-06-22,0.9308929845943887
2022-06-23,0.9508263726102746
2022-06-24,0.949869471228673
2022-06-27,0.9506322071002943
2022-06-28,0.9559610779173965
2022-06-29,0.9491640725698743
2022-06-30,0.9488617971327854
2022-07-01,0.9423052979957497
2022-07-04,0.9377454847357801
2022-07-05,0.9303342915996599
2022-07-06,0.9144375779859552
2022-07-07,0.9276445911239718
2022-07-08,0.9230233370681395
2022-07-11,0.9131224454188075
2022-07-12,0.9057423307788367
2022-07-13,0.9152000900972554
2022-07-14,0.9067174936488407
2022-07-15,0.8747851459668261
2022-07-18,0.905864483033501
2022-07-19,0.9088785218069102
2022-07-20,0.9129583147957624
2022-07-21,0.9078480511843193
2022-07-22,0.9115322736749523
2022-07-25,0.9042224314317058
2022-07-26,0.9225862612694911
2022-07-27,0.923928333227756
2022-07-28,0.9290517215815575
2022-07-29,0.9221115931017987
2022-08-01,0.9156799507936928
2022-08-02,0.8779276244670801
2022-08-03,0.8750344257537113
2022-08-04,0.8846324216102838
2022-08-05,0.9032967652762534
2022-08-08,0.9151387586968465
2022-08-09,0.9173614287182862
2022-08-10,0.9204473656515815
2022-08-11,0.9346156880690238
2022-08-12,0.9363178491180378
2022-08-15,0.9380209604127283
2022-08-16,0.9460184493892795
2022-08-17,0.9538350500421306
2022-08-18,0.9398666004181921
2022-08-19,0.9375898242094884
2022-08-22,0.9380224591938816
2022-08-23,0.9477597315558308
2022-08-24,0.9259648608044366
2022-08-25,0.92440343440809
2022-08-26,0.9194594186406757
2022-08-29,0.9208203254436957
2022-08-30,0.924785544271823
2022-08-31,0.9028192843630399
2022-09-01,0.9046582561376953
2022-09-02,0.9115916048070984
2022-09-05,0.9148003094729169
2022-09-06,0.9311918202722407
2022-09-07,0.9325226379842166
2022-09-08,0.9229942896914923
2022-09-09,0.9308618335148187
2022-09-13,0.9326536462777961
2022-09-14,0.9265044737883741
2022-09-15,0.9182441999006684
2022-09-16,0.887259542478381
2022-09-19,0.8788294588630422
2022-09-20,0.8851054404119353
2022-09-21,0.8925850316947113
2022-09-22,0.8871672228236338
2022-09-23,0.8740657656986459
2022-09-26,0.8538506213980078
2022-09-27,0.8696530779851378
2022-09-28,0.8483778780520692
2022-09-29,0.8294298878615615
2022-09-30,0.8267188460218413
2022-10-10,0.82068014168764
2022-10-11,0.8205078358048683
2022-10-12,0.8438380168047994
2022-10-13,0.8484766404035355
2022-10-14,0.8625798679871558
2022-10-17,0.8697654080163927
2022-10-18,0.8713433388516193
2022-10-19,0.8649363655831028
2022-10-20,0.8615137609193455
2022-10-21,0.8606315682986619
2022-10-24,0.8456141208937609
2022-10-25,0.8458164156141226
2022-10-26,0.8601776195385967
2022-10-27,0.8646556462964599
2022-10-28,0.8330413646677856
2022-10-31,0.8455066110884032
2022-11-01,0.8656299525716857
2022-11-02,0.8733418457890489
2022-11-03,0.8706311639020695
2022-11-04,0.8860888277439913
2022-11-07,0.8960068929310483
2022-11-08,0.898359339632402
2022-11-09,0.8992030522022564
2022-11-10,0.8974173937051012
2022-11-11,0.9129899047275845
2022-11-14,0.9148659865404789
2022-11-15,0.9314796085399579
2022-11-16,0.9264372107947993
2022-11-17,0.9343443722766934
2022-11-18,0.9294025957874918
2022-11-21,0.9240851444203738
2022-11-22,0.9229717285185168
2022-11-23,0.9267002966188076
2022-11-24,0.9271761634013562
2022-11-25,0.933910700003976
2022-11-28,0.9346953947061165
2022-11-29,0.9690959527148244
2022-11-30,0.9748130062603736
2022-12-01,0.9851838917498982
2022-12-02,0.9808341398989685
2022-12-05,1.0061626199383178
2022-12-06,1.0007686203504476
2022-12-07,0.9950299312385575
2022-12-08,0.9936751332101154
2022-12-09,0.9979620640363933
2022-12-12,0.9856067194011849
2022-12-13,0.9845843453880778
2022-12-14,0.9750983277786017
2022-12-15,0.9756423779331125
2022-12-16,0.9717353116830426
2022-12-19,0.9602446386852386
2022-12-20,0.9409678641965431
2022-12-21,0.9359831506707882
2022-12-22,0.9264463420279214
2022-12-23,0.9300085230272558
2022-12-26,0.9393155849791777
2022-12-27,0.9469432707737266
2022-12-28,0.9379527461447689
2022-12-29,0.9264782765134466
2022-12-30,0.9359009929691688
